﻿<?xml version="1.0" encoding="UTF-8"?>
<customUI onLoad="Ribbon_Load" xmlns="http://schemas.microsoft.com/office/2006/01/customui">
    <ribbon>
        <tabs>
            <tab idMso="TabWebTeamAssist" label="Web Team Assistant">
                <group id="AgentTools" label="Agent Tools">
                    <button id="btnAssignToMe" onAction="btnAssignToMe_Click" supertip="Assign current email to me" label="Assign To Me" showLabel="false" />
                    <splitButton id="SpltAssignToMe">
                        <button id="SpltAssignToMe__btn" label="Assign Task to Me" />
                        <menu id="SpltAssignToMe__mnu" />
                    </splitButton>
                </group>
            </tab>
        </tabs>
    </ribbon>
</customUI>