﻿<?xml version="1.0" encoding="UTF-8"?>
<customUI onLoad="Ribbon_Load" xmlns="http://schemas.microsoft.com/office/2006/01/customui">
    <ribbon>
        <tabs>
            <tab idMso="TabMail">
                <group id="AgentTools" insertBeforeMso="GroupMailDelete" label="Web Team Assistant">
                    <buttonGroup id="ButtonGroup1">
                        <splitButton id="btnAssignToMe">
                            <button id="btnAssignToMe__btn" label="Assign Task to Me" />
                            <menu id="btnAssignToMe__mnu">
                                <button id="btnREQ" onAction="btnREQ_Click" label="As Request" />
                                <button id="btnINC" onAction="btnINC_Click" label="As Incident" />
                                <button id="btnNFA" onAction="btnNFA_Click" label="As NFA" />
                                <button id="btnRT" onAction="btnRT_Click" label="Open RT" />
                                <button id="btnMyMails" onAction="btnMyMails_Click" label="My Emails" />
                            </menu>
                        </splitButton>
                        <button id="Button1" onAction="Button1_Click" label=" " showImage="false" />
                    </buttonGroup>
                    <buttonGroup id="ButtonGroup2">
                        <button id="btnClear" onAction="btnClear_Click" label="Clear" />
                        <splitButton id="SpltReply">
                            <button id="SpltReply__btn" screentip="Reply to the Task" label="Reply" />
                            <menu id="SpltReply__mnu" screentip="Reply to the Task">
                                <button id="btnReply" onAction="btnReply_Click" label="To Email" />
                                <button id="btnReplyAll" onAction="btnReplyAll_Click" label="To All" />
                            </menu>
                        </splitButton>
                    </buttonGroup>
                    <dropDown id="drpTeamCoord" onAction="drpTeamCoord_ButtonClick" visible="false" label="Assign Task To" />
                    <dialogBoxLauncher>
                        <button id="AgentTools__btn" />
                    </dialogBoxLauncher>
                </group>
            </tab>
        </tabs>
    </ribbon>
</customUI>