﻿<?xml version="1.0" encoding="UTF-8"?>
<customUI onLoad="Ribbon_Load" xmlns="http://schemas.microsoft.com/office/2006/01/customui">
    <ribbon>
        <tabs>
            <tab idMso="TabMail">
                <group id="AgentTools" insertBeforeMso="TabReadMessage" label="Agent Tools">
                    <buttonGroup id="ButtonGroup1">
                        <splitButton id="btnAssignToMe">
                            <button id="btnAssignToMe__btn" label="Assign Task to Me" />
                            <menu id="btnAssignToMe__mnu">
                                <button id="btnREQ" label="As Request" />
                                <button id="btnINC" label="As Incident" />
                                <button id="btnNFA" label="As NFA" />
                            </menu>
                        </splitButton>
                    </buttonGroup>
                    <buttonGroup id="ButtonGroup2">
                        <button id="btnClear" label="Clear" />
                        <splitButton id="SpltReply">
                            <button id="SpltReply__btn" label="Reply   " />
                            <menu id="SpltReply__mnu">
                                <button id="btnReply" label="To Email" />
                                <button id="btnReplyAll" label="To All" />
                            </menu>
                        </splitButton>
                    </buttonGroup>
                    <dropDown id="drpTeamCoord" onAction="drpTeamCoord_SelectionChanged" label="Assign Task To">
                        <item id="__id28" label="Istvan Borza" />
                        <item id="__id29" label="Erzsebet Gulyas" />
                        <item id="__id30" label="Imre Nagy" />
                        <item id="__id31" label="Helena Toth" />
                        <item id="__id32" label="Mate Terjek" />
                        <item id="__id33" label="Reka Toth" />
                        <item id="__id34" label="Peter Benikovszky" />
                        <item id="__id35" label="Klaudia Twarog" />
                        <item id="__id36" label="Tamas Nemeti" />
                        <item id="__id37" label="Tibor Vass" />
                        <item id="__id38" label="Adam Delneky" />
                        <item id="__id39" label="Daniel Szombati" />
                        <item id="__id40" label="Miklos Varga" />
                        <item id="__id41" label="Laszlo Majoros" />
                        <item id="__id42" label="Csaba Varga" />
                    </dropDown>
                </group>
            </tab>
        </tabs>
    </ribbon>
</customUI>